group,term
no,age classes
no,aimophila aestivalis
no,associated species
bird,avian communities
bird,avian community
no,avian species
no,bachman's sparrow
no,bachman's sparrows
process,bark beetle
process,bark beetles
process,basal area
process,beetle outbreaks
no,biodiversity conservation
no,biological diversity
response,bird abundance
bird,bird assemblages
bird,bird communities
bird,bird community
bird,bird community composition
no,bird diversity
no,bird populations
no,bird species
no,bird species richness
no,black hills
no,black spruce
no,boreal forest
no,boreal forests
no,breast height
no,breasted nuthatch
no,breeding birds
no,breeding season
no,breeding seasons
no,brown creeper
fire,burn severity
fire,burned forest
fire,burned forests
fire,burned plots
fire,burned sites
process,canopy cover
no,canopy forests
bird,cavity nesters
bird,cavity nesting
process,cavity trees
no,certhia americana
no,climate change
process,coarse woody debris
no,coastal plain
bird,cockaded woodpecker
bird,cockaded woodpeckers
bird,colaptes auratus
no,colinus virginianus
no,community composition
no,community structure
no,conifer forest
no,conifer forests
no,coniferous forest
no,coniferous forests
no,conservation biology
no,conservation concern
no,control plots
process,dead trees
process,dead wood
no,dependent species
process,diameter snags
process,diameter trees
no,disturbance regime
no,disturbance regimes
no,dormant season
process,ecological processes
no,ecological restoration
no,ecological society
no,ecosystem management
no,ecosystem restoration
no,eglin air force base
no,elsevier science
no,endangered species
no,environmental variables
fire,fire ecology
fire,fire effects
no,fire exclusion
fire,fire frequency
fire,fire history
fire,fire intensity
no,fire management
fire,fire regime
fire,fire regimes
fire,fire severity
no,fire suppression
no,fire surrogate
process,food resources
process,foraging behavior
process,foraging habitat
no,forest and woodland
no,forest conditions
no,forest ecosystems
fire,forest fire
fire,forest fires
no,forest floor
no,forest fragmentation
no,forest habitat
no,forest landscape
no,forest landscapes
no,forest management
no,forest management practices
no,forest managers
no,forest patches
no,forest restoration
no,forest service
no,forest species
no,forest stands
process,forest structure
no,forest type
no,forest types
no,forestry practices
fire,frequent prescribed
fire,fuel loads
fire,fuel reduction
no,fuel reduction treatments
no,future research
process,ground cover
no,growth forest
no,growth forests
process,habitat characteristics
process,habitat components
process,habitat conditions
process,habitat features
no,habitat fragmentation
no,habitat loss
no,habitat management
process,habitat preference
process,habitat quality
process,habitat restoration
process,habitat selection
no,habitat species
process,habitat structure
process,habitat suitability
no,habitat type
process,habitat use
no,habitat variables
bird,hairy woodpecker
bird,hairy woodpeckers
no,hardwood forest
no,hardwood forests
no,hardwood midstory
bird,headed woodpecker
bird,headed woodpeckers
no,herbicide application
process,home range
process,home range size
process,home ranges
no,indicator species
no,indigo buntings
no,individual species
no,information theoretic approach
no,jack pine
no,land management
no,land managers
no,land use
no,landscape level
no,landscape scale
no,leaf litter
bird,lewis's woodpecker
bird,lewis's woodpeckers
no,life history
no,little effect
no,little information
process,live trees
no,loblolly pine
no,local scale
no,lodgepole pine
no,logistic regression
no,longleaf pine
no,longleaf pine ecosystem
no,longleaf pine forest
no,longleaf pine forests
fire,low intensity
fire,low severity
no,management actions
no,management activities
no,management objectives
no,management practices
no,management strategies
no,management tool
no,mature forests
no,mature pine
no,mechanical thinning
bird,melanerpes lewis
no,mixed conifer
no,mixed conifer forests
no,model selection
no,mountain pine
process,mountain pine beetle
no,national forest
no,national forests
no,national park
fire,natural disturbance
fire,natural disturbance regimes
fire,natural disturbances
no,negative effect
process,nest cavities
process,nest site
process,nest site selection
process,nest sites
process,nest success
process,nest survival
process,nest trees
no,nesting bird
no,nesting bird species
no,nesting birds
process,nesting habitat
no,nesting species
no,north america
no,north american
no,north carolina
no,northern bobwhite
bird,northern flicker
no,old growth
no,passerina cyanea
no,picea mariana
bird,picoides arcticus
bird,picoides borealis
bird,picoides villosus
no,pine ecosystems
no,pine forest
no,pine forests
no,pine stands
no,pinus contorta
no,pinus echinata
no,pinus palustris
no,pinus ponderosa
no,pinus spp
no,pinus taeda
no,plant communities
no,plant species
no,ponderosa pine
no,ponderosa pine forests
response,population declines
response,population dynamics
response,population size
no,populus tremuloides
fire,postfire management
fire,postfire salvage
fire,postfire salvage logging
fire,prescribed burn
fire,prescribed burning
fire,prescribed burns
fire,prescribed fire
fire,prescribed fires
no,pseudotsuga menziesii
no,range size
no,reduction treatments
no,regional scale
no,relative abundance
process,reproductive success
no,resource selection
no,restoration efforts
no,restoration treatments
fire,return interval
fire,return intervals
no,rocky mountains
no,salvage logging
fire,season burns
no,secondary cavity
fire,severity fires
no,short term
no,shortleaf pine
process,shrub cover
no,sialia mexicana
no,sierra nevada
no,significant differences
no,significantly lower
no,site characteristics
no,site selection
no,sitta pusilla
no,small mammal
process,snag density
no,south dakota
no,southeastern united states
no,southern appalachians
no,southern pine
no,spatial patterns
no,spatial scales
response,species abundance
response,species composition
response,species density
response,species distribution
response,species diversity
response,species habitat
no,species responses
response,species richness
process,stand age
no,stand level
process,stand structure
no,study sites
process,suitable habitat
process,survival rates
no,term effects
no,theoretic approach
no,threatened species
no,timber harvest
no,timber harvesting
"fire, process",time since fire
process,tree cover
process,tree density
process,tree mortality
no,tree species
no,turdus migratorius
no,unburned forest
no,unburned forests
no,unburned sites
process,understory vegetation
process,vegetation characteristics
process,vegetation structure
no,vegetation types
no,western bluebird
no,western north america
no,wildlife habitat
no,wildlife management
no,wildlife society
no,wildlife species
bird,woodpecker nests
bird,woodpecker population
bird,woodpecker populations
bird,woodpecker species
process,woody debris
process,woody vegetation
